ayşee%123456789*%Ayşe%Öner%33%ayseoner@ogu.edu.tr%Free
nurayşe%0987654321%Ayşenur%Leman%22%aysenurlem@ku.edu.tr%Free
beko%beko2651%Berk%Aslan%24%berkaslan66@gmail.com%Free
burki%burki99887%Burak%Özbağcı%44%bozbagci@hotmail.com%Hobbyist
durut%tosunogl26%Duru%Tosunoğlu%22%dtosun@tosun.com%Hobbyist
hako%55665719wq*%Hakan%Bıyık%19%hakobiy@gmail.com%Hobbyist
hüso%huso66463-%Hüseyin%Ünverdi%31%hunverdi@outlook.com%Professional
simayK%keskose123%Simay%Köse%20%kosekose@gmail.com%Professional
defne%defnesml21%Defne%Ören%26%doren@ku.edu.tr%Professional
admin%adminadmin%admin%admin%99%admin@admin%Professional
demirkan%adminadmin%Demirkan%Kılıçporn%31%demirk@ku.edu.tr%Professional
gulceq%gulce1302%Gülce%Özyurt%19%gulceozyurt@gmail.com%Professional
MahmutBey%Memoli33%mehmet%sari%20%mehmet@0.com%Free
